epoch,train_loss,train_accuracy,val_loss,val_accuracy,learning_rate
2,1.6326,40.05,2.0586,26.90,0.008151
3,1.5007,45.49,1.8886,32.15,0.013170
1,1.9840,26.88,2.1131,20.66,0.000012
